{
    "name": "root",
    "gauges": {
        "BoxBehavior.Policy.Entropy.mean": {
            "value": 0.6074343323707581,
            "min": 0.33527615666389465,
            "max": 1.0920686721801758,
            "count": 28
        },
        "BoxBehavior.Policy.ExtrinsicValueEstimate.mean": {
            "value": 0.04073474928736687,
            "min": -0.004835108760744333,
            "max": 0.06397300213575363,
            "count": 28
        },
        "BoxBehavior.Losses.PolicyLoss.mean": {
            "value": 0.12818456710277434,
            "min": 0.12618997577998425,
            "max": 0.13820064095079254,
            "count": 28
        },
        "BoxBehavior.Losses.ValueLoss.mean": {
            "value": 0.0032661757486854032,
            "min": 0.0022229141252258465,
            "max": 0.010208450734705455,
            "count": 28
        },
        "BoxBehavior.Policy.LearningRate.mean": {
            "value": 0.0002835024054992,
            "min": 0.0002835024054992,
            "max": 0.0002996948807468677,
            "count": 28
        },
        "BoxBehavior.Policy.Epsilon.mean": {
            "value": 0.1945008,
            "min": 0.1945008,
            "max": 0.19989829354838712,
            "count": 28
        },
        "BoxBehavior.Policy.Beta.mean": {
            "value": 0.00472558992,
            "min": 0.00472558992,
            "max": 0.004994924848064517,
            "count": 28
        },
        "BoxBehavior.AgentsStats.numBallsCaught.mean": {
            "value": 2.5,
            "min": 2.2285714285714286,
            "max": 2.975,
            "count": 28
        },
        "BoxBehavior.Environment.EpisodeLength.mean": {
            "value": 399.0,
            "min": 399.0,
            "max": 399.0,
            "count": 28
        },
        "BoxBehavior.Environment.CumulativeReward.mean": {
            "value": 1.6562499697320163,
            "min": 0.4187499680556357,
            "max": 1.9312499687075615,
            "count": 28
        },
        "BoxBehavior.Policy.ExtrinsicReward.mean": {
            "value": 1.6562499697320163,
            "min": 0.4187499680556357,
            "max": 1.9312499687075615,
            "count": 28
        },
        "BoxBehavior.IsTraining.mean": {
            "value": 1.0,
            "min": 1.0,
            "max": 1.0,
            "count": 28
        }
    },
    "metadata": {
        "timer_format_version": "0.1.0",
        "start_time_seconds": "1609907074",
        "python_version": "3.7.9 (default, Aug 31 2020, 17:10:11) [MSC v.1916 64 bit (AMD64)]",
        "command_line_arguments": "C:\\Users\\elect\\anaconda3\\envs\\ml_pytorch\\Scripts\\mlagents-learn BallCatcher.yaml --run-id=BallCatcher_03",
        "mlagents_version": "0.22.0",
        "mlagents_envs_version": "0.22.0",
        "communication_protocol_version": "1.2.0",
        "pytorch_version": "1.7.0",
        "numpy_version": "1.19.2",
        "end_time_seconds": "1609907502"
    },
    "total": 428.690066,
    "count": 1,
    "self": 0.018017699999973047,
    "children": {
        "run_training.setup": {
            "total": 0.010852799999999885,
            "count": 1,
            "self": 0.010852799999999885
        },
        "TrainerController.start_learning": {
            "total": 428.6611955,
            "count": 1,
            "self": 0.4848480000003974,
            "children": {
                "TrainerController._reset_env": {
                    "total": 7.088500099999999,
                    "count": 1,
                    "self": 7.088500099999999
                },
                "TrainerController.advance": {
                    "total": 420.98624809999967,
                    "count": 17507,
                    "self": 0.23761890000071162,
                    "children": {
                        "env_step": {
                            "total": 420.74862919999896,
                            "count": 17507,
                            "self": 350.9071127999962,
                            "children": {
                                "SubprocessEnvManager._take_step": {
                                    "total": 69.61677100000318,
                                    "count": 17507,
                                    "self": 1.0250297000047794,
                                    "children": {
                                        "TorchPolicy.evaluate": {
                                            "total": 68.5917412999984,
                                            "count": 17507,
                                            "self": 15.785916799996684,
                                            "children": {
                                                "TorchPolicy.sample_actions": {
                                                    "total": 52.80582450000172,
                                                    "count": 17507,
                                                    "self": 52.80582450000172
                                                }
                                            }
                                        }
                                    }
                                },
                                "workers": {
                                    "total": 0.22474539999960008,
                                    "count": 17506,
                                    "self": 0.0,
                                    "children": {
                                        "worker_root": {
                                            "total": 422.218836200001,
                                            "count": 17506,
                                            "is_parallel": true,
                                            "self": 258.5462850000001,
                                            "children": {
                                                "steps_from_proto": {
                                                    "total": 0.0012458999999998,
                                                    "count": 1,
                                                    "is_parallel": true,
                                                    "self": 0.0002743000000000606,
                                                    "children": {
                                                        "_process_vector_observation": {
                                                            "total": 0.0009715999999997393,
                                                            "count": 8,
                                                            "is_parallel": true,
                                                            "self": 0.0009715999999997393
                                                        }
                                                    }
                                                },
                                                "UnityEnvironment.step": {
                                                    "total": 163.67130530000088,
                                                    "count": 17506,
                                                    "is_parallel": true,
                                                    "self": 3.9019708000045057,
                                                    "children": {
                                                        "UnityEnvironment._generate_step_input": {
                                                            "total": 2.713603899997226,
                                                            "count": 17506,
                                                            "is_parallel": true,
                                                            "self": 2.713603899997226
                                                        },
                                                        "communicator.exchange": {
                                                            "total": 138.84531209999983,