{"count":1,"self":86.7445568,"total":423.216635,"children":{"InitializeActuators":{"count":16,"self":0.0009883,"total":0.0009883,"children":null},"InitializeSensors":{"count":16,"self":0.0039952,"total":0.0039952,"children":null},"AgentSendState":{"count":87551,"self":2.0515824,"total":23.6046421,"children":{"CollectObservations":{"count":280176,"self":0.64799469999999992,"total":0.64799469999999992,"children":null},"WriteActionMask":{"count":280176,"self":0.43267649999999996,"total":0.43267649999999996,"children":null},"RequestDecision":{"count":280176,"self":1.8990148,"total":20.472388499999997,"children":{"AgentInfo.ToProto":{"count":280176,"self":1.2342199,"total":18.573373699999998,"children":{"GenerateSensorData":{"count":280176,"self":4.5439191999999995,"total":17.3391538,"children":{"RayPerceptionSensor.Perceive":{"count":840528,"self":12.7952344,"total":12.7952347,"children":null}}}}}}}}},"DecideAction":{"count":87551,"self":311.93111039999997,"total":311.931115,"children":null},"AgentAct":{"count":87551,"self":0.88829759999999991,"total":0.9303406,"children":{"AgentInfo.ToProto":{"count":688,"self":0.0060352999999999995,"total":0.042043,"children":{"GenerateSensorData":{"count":688,"self":0.0069768,"total":0.0360077,"children":{"RayPerceptionSensor.Perceive":{"count":2064,"self":0.0290309,"total":0.0290309,"children":null}}}}}}}},"gauges":{"BoxBehavior.CumulativeReward":{"count":688,"max":7.500001,"min":-2.39999986,"runningAverage":1.13880837,"value":-1.30000019,"weightedAverage":0.541109562}},"metadata":{"timer_format_version":"0.1.0","start_time_seconds":"1609907079","unity_version":"2020.2.0f1","command_line_arguments":"C:\\Program Files\\Unity\\Hub\\Editor\\2020.2.0f1\\Editor\\Unity.exe -projectpath C:\/Users\/elect\/Documents\/GitHub\/Unity\/ML-Ball-Catcher -useHub -hubIPC -cloudEnvironment production -hubSessionId d24d8cd0-4a32-11eb-9710-e9bcd3dacb48","communication_protocol_version":"1.3.0","com.unity.ml-agents_version":"1.7.2-preview","scene_name":"Scene","end_time_seconds":"1609907502"}}