{
    "name": "root",
    "gauges": {
        "BoxBehavior.Policy.Entropy.mean": {
            "value": 0.23346976935863495,
            "min": 0.08079177886247635,
            "max": 1.0845915079116821,
            "count": 224
        },
        "BoxBehavior.Policy.ExtrinsicValueEstimate.mean": {
            "value": -0.40509462356567383,
            "min": -0.43821844458580017,
            "max": -0.21658624708652496,
            "count": 224
        },
        "BoxBehavior.Losses.PolicyLoss.mean": {
            "value": 0.1384204999113115,
            "min": 0.12557436587409146,
            "max": 0.14274420014993155,
            "count": 224
        },
        "BoxBehavior.Losses.ValueLoss.mean": {
            "value": 0.0742328900363176,
            "min": 0.06370737597944656,
            "max": 0.08875173970215744,
            "count": 224
        },
        "BoxBehavior.Policy.LearningRate.mean": {
            "value": 0.0001659012446996,
            "min": 0.0001659012446996,
            "max": 0.00029969640010119996,
            "count": 224
        },
        "BoxBehavior.Policy.Epsilon.mean": {
            "value": 0.1553004,
            "min": 0.1553004,
            "max": 0.1998988,
            "count": 224
        },
        "BoxBehavior.Policy.Beta.mean": {
            "value": 0.002769489960000001,
            "min": 0.002769489960000001,
            "max": 0.004994950120000001,
            "count": 224
        },
        "BoxBehavior.IsTraining.mean": {
            "value": 1.0,
            "min": 1.0,
            "max": 1.0,
            "count": 224
        },
        "BoxBehavior.Environment.EpisodeLength.mean": {
            "value": 399.0,
            "min": 399.0,
            "max": 399.0,
            "count": 175
        },
        "BoxBehavior.Environment.CumulativeReward.mean": {
            "value": -18.096774193548388,
            "min": -20.0,
            "max": -12.0,
            "count": 181
        },
        "BoxBehavior.Policy.ExtrinsicReward.mean": {
            "value": -18.096774193548388,
            "min": -20.0,
            "max": -12.0,
            "count": 181
        }
    },
    "metadata": {
        "timer_format_version": "0.1.0",
        "start_time_seconds": "1609898547",
        "python_version": "3.7.9 (default, Aug 31 2020, 17:10:11) [MSC v.1916 64 bit (AMD64)]",
        "command_line_arguments": "C:\\Users\\elect\\anaconda3\\envs\\ml_pytorch\\Scripts\\mlagents-learn BallCatcher.yaml --run-id=BallCatcher_01",
        "mlagents_version": "0.22.0",
        "mlagents_envs_version": "0.22.0",
        "communication_protocol_version": "1.2.0",
        "pytorch_version": "1.7.0",
        "numpy_version": "1.19.2",
        "end_time_seconds": "1609901239"
    },
    "total": 2692.4822492,
    "count": 1,
    "self": 0.08400100000017119,
    "children": {
        "run_training.setup": {
            "total": 0.010289599999999899,
            "count": 1,
            "self": 0.010289599999999899
        },
        "TrainerController.start_learning": {
            "total": 2692.3879586,
            "count": 1,
            "self": 1.8709335999842551,
            "children": {
                "TrainerController._reset_env": {
                    "total": 8.863451699999999,
                    "count": 1,
                    "self": 8.863451699999999
                },
                "TrainerController.advance": {
                    "total": 2681.5791434000157,
                    "count": 70061,
                    "self": 1.039361499977531,
                    "children": {
                        "env_step": {
                            "total": 2680.539781900038,
                            "count": 70061,
                            "self": 2417.968279800088,
                            "children": {
                                "SubprocessEnvManager._take_step": {
                                    "total": 261.6382128999809,
                                    "count": 70061,
                                    "self": 4.7430652999784115,
                                    "children": {
                                        "TorchPolicy.evaluate": {
                                            "total": 256.8951476000025,
                                            "count": 70061,
                                            "self": 62.76637740000879,
                                            "children": {
                                                "TorchPolicy.sample_actions": {
                                                    "total": 194.12877019999368,
                                                    "count": 70061,
                                                    "self": 194.12877019999368
                                                }
                                            }
                                        }
                                    }
                                },
                                "workers": {
                                    "total": 0.9332891999692308,
                                    "count": 70060,
                                    "self": 0.0,
                                    "children": {
                                        "worker_root": {
                                            "total": 2682.1479685000004,
                                            "count": 70060,
                                            "is_parallel": true,
                                            "self": 1834.9411793000168,
                                            "children": {
                                                "steps_from_proto": {
                                                    "total": 0.0018463000000004115,
                                                    "count": 1,
                                                    "is_parallel": true,
                                                    "self": 0.0002402000000003568,
                                                    "children": {
                                                        "_process_vector_observation": {
                                                            "total": 0.0016061000000000547,
                                                            "count": 6,
                                                            "is_parallel": true,
                                                            "self": 0.0016061000000000547
                                                        }
                                                    }
                                                },
                                                "UnityEnvironment.step": {
                                                    "total": 847.2049428999835,
                                                    "count": 70060,
                                                    "is_parallel": true,
                                                    "self": 23.309237399897484,
                                                    "children": {
                                                        "UnityEnvironment._generate_step_input": {
                                                            "total": 17.506958600048378,
                                                            "count": 70060,
                                                            "is_parallel": true,
                                                            "self": 17.506958600048378
                                                        },
                                                        "communicator.exchange": {
                                                            "total": 699.1720090000234,
                                                            "count": 70060,
                                                            "is_parallel": true,